{
  "elapsed_s": 2.173919439315796,
  "avg_cpu_percent": 43.7,
  "peak_mem_bytes": 71933952,
  "samples": [
    {
      "t": 1759448696.1182058,
      "cpu_percent": 87.4,
      "mem_rss": 71933952
    },
    {
      "t": 1759448697.2136464,
      "cpu_percent": 0.0,
      "mem_rss": 21913600
    }
  ],
  "returncode": 0
}