{
  "elapsed_s": 2.1676714420318604,
  "avg_cpu_percent": 42.15,
  "peak_mem_bytes": 71876608,
  "samples": [
    {
      "t": 1759441998.1942506,
      "cpu_percent": 84.3,
      "mem_rss": 71876608
    },
    {
      "t": 1759441999.29817,
      "cpu_percent": 0.0,
      "mem_rss": 21483520
    }
  ],
  "returncode": 2
}